{"PlayerPosition":[353.51096,-18.780197],"ProgressBarValue":100}