{
	"PlayerPosition": [
		238.59087,
		250.34036
	],
	"ProgressBarValue": 25
}